5,null,
3,null,
5,null,
42,null,
7,null,
8,null,
1,null,
1,null,
24,null,
0,null,
7,null,
5,null,
10,null,
1,null,
1,null,
29,null,
8,null,
0,null,
7,null,
43,null,
1,null,
11,null,
8,null,
1,null,
17,null,
6,null,
0,null,
0,null,
2,null,
2,null,
9,null,
10,null,
11,null,
0,null,
12,null,
1,null,
11,null,
10,null,
17,null,
10,null,
2,null,
0,null,
4,null,
3,null,
8,null,
18,null,
3,null,
10,null,
21,null,
1,null,
8,null,
10,null,
9,null,
16,null,
7,null,
11,null,
3,null,
2,null,
8,null,
4,null,
6,null,
3,null,
20,null,
41,null,
9,null,
2,null,
4,null,
13,null,
3,null,
1,null,
14,null,
9,null,
1,null,
5,null,
0,null,
6,null,
2,null,
6,null,
20,null,
3,null,
16,null,
0,null,
10,null,
14,null,
10,null,
17,null,
8,null,
3,null,
12,null,
13,null,
5,null,
16,null,
50,null,
0,null,
0,null,
6,null,
3,null,
1,null,
3,null,
5,null,
5,null,
5,null,
9,null,
6,null,
0,null,
8,null,
6,null,
20,null,
0,null,
43,null,
13,null,
25,null,
12,null,
10,null,
2,null,
6,null,
5,null,
5,null,
7,null,
23,null,
10,null,
0,null,
8,null,
6,null,
1,null,
0,null,
14,null,
5,null,
2,null,
14,null,
8,null,
32,null,
5,null,
0,null,
8,null,
2,null,
9,null,
10,null,
12,null,
4,null,
36,null,
6,null,
4,null,
3,null,
4,null,
0,null,
8,null,
0,null,
24,null,
21,null,
11,null,
7,null,
0,null,
9,null,
3,null,
3,null,
15,null,
11,null,
4,null,
31,null,
2,null,
15,null,
1,null,
0,null,
6,null,
28,null,
8,null,
19,null,
4,null,
10,null,
0,null,
8,null,
36,null,
1,null,
1,null,
3,null,
0,null,
19,null,
2,null,
6,null,
9,null,
13,null,
0,null,
3,null,
2,null,
3,null,
0,null,
3,null,
9,null,
7,null,
3,null,
1,null,
0,null,
5,null,
1,null,
13,null,
28,null,
7,null,
0,null,
17,null,
8,null,
2,null,
4,null,
1,null,
3,null,
4,null,
7,null,
1,null,
1,null,
2,null,
8,null,
11,null,
4,null,
0,null,
4,null,
3,null,
19,null,
1,null,
2,null,
1,null,
4,null,
7,null,
20,null,
2,null,
4,null,
12,null,
9,null,
7,null,
4,null,
2,null,
3,null,
3,null,
35,null,
15,null,
0,null,
6,null,
10,null,
14,null,
39,null,
5,null,
1,null,
1,null,
0,null,
10,null,
0,null,
12,null,
0,null,
1,null,
12,null,
9,null,
0,null,
9,null,
5,null,
18,null,
6,null,
16,null,
7,null,
5,null,
0,null,
7,null,
26,null,
0,null,
6,null,
2,null,
24,null,
24,null,
12,null,
16,null,
10,null,
5,null,
4,null,
2,null,
1,null,
16,null,
21,null,
1,null,
11,null,
15,null,
9,null,
18,null,
32,null,
15,null,
17,null,
15,null,
20,null,
27,null,
3,null,
18,null,
0,null,
29,null,
7,null,
0,null,
3,null,
1,null,
0,null,
8,null,
8,null,
0,null,
5,null,
8,null,
2,null,
6,null,
6,null,
17,null,
1,null,
42,null,
7,null,
31,null,
1,null,
7,null,
5,null,
3,null,
43,null,
1,null,
3,null,
4,null,
8,null,
8,null,
8,null,
1,null,
1,null,
1,null,
6,null,
2,null,
7,null,
0,null,
5,null,
3,null,
19,null,
8,null,
0,null,
3,null,
26,null,
4,null,
16,null,
3,null,
1,null,
9,null,
5,null,
7,null,
6,null,
1,null,
12,null,
26,null,
3,null,
4,null,
1,null,
10,null,
8,null,
25,null,
12,null,
17,null,
17,null,
9,null,
5,null,
3,null,
7,null,
10,null,
5,null,
4,null,
28,null,
12,null,
5,null,
8,null,
3,null,
4,null,
0,null,
15,null,
14,null,
26,null,
6,null,
1,null,
8,null,
0,null,
1,null,
6,null,
10,null,
0,null,
12,null,
11,null,
3,null,
23,null,
5,null,
10,null,
15,null,
3,null,
1,null,
7,null,
16,null,
12,null,
2,null,
7,null,
4,null,
22,null,
2,null,
8,null,
6,null,
2,null,
31,null,
0,null,
3,null,
5,null,
6,null,
1,null,
30,null,
12,null,
30,null,
8,null,
36,null,
6,null,
29,null,
6,null,
4,null,
8,null,
0,null,
0,null,
4,null,
7,null,
17,null,
4,null,
5,null,
0,null,
7,null,
19,null,
7,null,
3,null,
2,null,
3,null,
4,null,
18,null,
15,null,
3,null,
2,null,
0,null,
1,null,
22,null,
7,null,
2,null,
22,null,
38,null,
2,null,
13,null,
6,null,
14,null,
7,null,
0,null,
17,null,
6,null,
6,null,
7,null,
3,null,
1,null,
5,null,
6,null,
9,null,
0,null,
10,null,
3,null,
8,null,
9,null,
6,null,
4,null,
6,null,
1,null,
5,null,
2,null,
1,null,
6,null,
13,null,
2,null,
1,null,
14,null,
10,null,
2,null,
2,null,
20,null,
11,null,
4,null,
11,null,
3,null,
21,null,
4,null,
4,null,
17,null,
3,null,
2,null,
5,null,
15,null,
2,null,
11,null,
11,null,
0,null,
3,null,
12,null,
4,null,
19,null,
15,null,
2,null,
6,null,
3,null,
20,null,
9,null,
0,null,
19,null,
4,null,
4,null,
4,null,
9,null,
11,null,
16,null,
5,null,
26,null,
2,null,
5,null,
7,null,
8,null,
18,null,
2,null,
0,null,
21,null,
0,null,
11,null,
1,null,
2,null,
19,null,
34,null,
1,null,
4,null,
2,null,
0,null,
4,null,
3,null,
35,null,
6,null,
19,null,
0,null,
10,null,
1,null,
2,null,
0,null,
4,null,
20,null,
11,null,
0,null,
7,null,
1,null,
16,null,
5,null,
8,null,
0,null,
3,null,
7,null,
18,null,
5,null,
21,null,
16,null,
0,null,
8,null,
5,null,
9,null,
10,null,
2,null,
7,null,
12,null,
1,null,
4,null,
1,null,
8,null,
15,null,
4,null,
35,null,
16,null,
2,null,
1,null,
1,null,
17,null,
37,null,
13,null,
13,null,
7,null,
20,null,
2,null,
14,null,
12,null,
12,null,
5,null,
9,null,
4,null,
1,null,
2,null,
8,null,
28,null,
9,null,
1,null,
10,null,
22,null,
1,null,
0,null,
16,null,
0,null,
2,null,
1,null,
0,null,
18,null,
10,null,
9,null,
2,null,
8,null,
2,null,
0,null,
5,null,
4,null,
2,null,
0,null,
29,null,
34,null,
23,null,
23,null,
7,null,
58,null,
7,null,
4,null,
10,null,
3,null,
5,null,
5,null,
32,null,
5,null,
11,null,
7,null,
3,null,
12,null,
39,null,
9,null,
3,null,
5,null,
1,null,
14,null,
4,null,
0,null,
1,null,
14,null,
9,null,
3,null,
1,null,
5,null,
16,null,
3,null,
6,null,
3,null,
3,null,
2,null,
1,null,
7,null,
4,null,
2,null,
1,null,
25,null,
21,null,
2,null,
6,null,
31,null,
9,null,
47,null,
1,null,
1,null,
13,null,
14,null,
1,null,
3,null,
5,null,
4,null,
1,null,
2,null,
9,null,
10,null,
4,null,
23,null,
3,null,
41,null,
9,null,
0,null,
20,null,
4,null,
20,null,
2,null,
10,null,
24,null,
0,null,
18,null,
8,null,
22,null,
4,null,
17,null,
21,null,
20,null,
31,null,
24,null,
13,null,
3,null,
33,null,
3,null,
4,null,
7,null,
7,null,
6,null,
7,null,
3,null,
0,null,
7,null,
3,null,
7,null,
4,null,
9,null,
6,null,
22,null,
0,null,
11,null,
0,null,
3,null,
6,null,
3,null,
4,null,
0,null,
7,null,
14,null,
7,null,
1,null,
9,null,
2,null,
0,null,
3,null,
3,null,
2,null,
15,null,
1,null,
5,null,
9,null,
5,null,
9,null,
3,null,
0,null,
58,null,
16,null,
2,null,
5,null,
8,null,
12,null,
4,null,
5,null,
1,null,
4,null,
16,null,
9,null,
9,null,
15,null,
23,null,
28,null,
0,null,
23,null,
11,null,
6,null,
0,null,
70,null,
4,null,
16,null,
0,null,
9,null,
27,null,
23,null,
7,null,
13,null,
10,null,
33,null,
1,null,
16,null,
1,null,
7,null,
1,null,
9,null,
17,null,
34,null,
9,null,
1,null,
12,null,
7,null,
2,null,
20,null,
12,null,
32,null,
0,null,
39,null,
26,null,
31,null,
8,null,
14,null,
1,null,
20,null,
7,null,
10,null,
8,null,
11,null,
10,null,
20,null,
2,null,
2,null,
27,null,
4,null,
9,null,
1,null,
3,null,
14,null,
5,null,
12,null,
13,null,
1,null,
3,null,
25,null,
2,null,
25,null,
1,null,
3,null,
17,null,
1,null,
5,null,
0,null,
2,null,
0,null,
13,null,
4,null,
17,null,
2,null,
7,null,
7,null,
13,null,
4,null,
10,null,
2,null,
2,null,
10,null,
6,null,
1,null,
9,null,
9,null,
9,null,
7,null,
2,null,
3,null,
10,null,
18,null,
7,null,
5,null,
2,null,
17,null,
13,null,
5,null,
18,null,
12,null,
6,null,
5,null,
16,null,
15,null,
10,null,
20,null,
2,null,
6,null,
10,null,
1,null,
9,null,
13,null,
1,null,
15,null,
4,null,
19,null,
8,null,
11,null,
1,null,
5,null,
11,null,
29,null,
5,null,
3,null,
12,null,
5,null,
11,null,
0,null,
1,null,
11,null,
1,null,
4,null,
6,null,
6,null,
2,null,
13,null,
10,null,
1,null,
5,null,
12,null,
3,null,
0,null,
0,null,
45,null,
5,null,
7,null,
3,null,
1,null,
6,null,
10,null,
0,null,
11,null,
9,null,
14,null,
15,null,
12,null,
3,null,
0,null,
2,null,
1,null,
4,null,
12,null,
2,null,
6,null,
0,null,
7,null,
0,null,
8,null,
2,null,
2,null,
0,null,
2,null,
10,null,
3,null,
2,null,
13,null,
15,null,
0,null,
4,null,
2,null,
11,null,
23,null,
2,null,
12,null,
15,null,
1,null,
11,null,
3,null,
6,null,
6,null,
4,null,
4,null,
3,null,
2,null,
18,null,
3,null,
0,null,
6,null,
13,null,
11,null,
2,null,
6,null,
8,null,
2,null,
6,null,
10,null,
16,null,
2,null,
10,null,
0,null,
6,null,
4,null,
3,null,
8,null,
0,null,
8,null,
0,null,
0,null,
3,null,
46,null,
4,null,
2,null,
47,null,
0,null,
2,null,
16,null,
15,null,
9,null,
4,null,
4,null,
6,null,
18,null,
8,null,
14,null,
3,null,
3,null,
6,null,
22,null,
21,null,
0,null,
9,null,
10,null,
